{
    "rmse": 0.7183624694488837,
    "mae": 0.5684212871585297,
    "r2": 0.15647969022484054
}